#Agegroup;Anteil;delta;Theta;Theta_ICU;gamma;gamma_ICU;alpha_u;alpha_w;chi_u;chi_w;u_base;w_base;V_raw;R_raw;cases;ICU;W_V;W_R;wanedfrac_V;wanedfrac_R;vacfrac_DEU;vacfrac_DSK;vacfrac_AUS;vacfrac_POL;vacfrac_POR
#0,19;0.18;0.000014;0.000002;0.00556;0.09998;0.19444;0.02;0.02;0.65;0.24;0.2;0.1;27000;20000;18.531;0.1346;1350;10000;0.05;0.5;0.15;0.25;0.15;0.12;0.5
#20,39;0.25;0.000204;0.000014;0.00778;0.09978;0.19222;0.02;0.02;0.1;0.2;0.5;0.25;140000;30000;16.82;1.23832;7000;15000;0.05;0.5;0.56;0.8;0.62;0.5;0.85
#40,59;0.28;0.001217;0.000111;0.006164;0.09867;0.084745;0.02;0.02;0.08;0.16;0.55;0.275;190400;30000;15.9152;4.89944;9520;15000;0.05;0.5;0.68;0.85;0.7;0.6;0.9
#60,69;0.13;0.004031;0.000317;0.009508;0.09565;0.081401;0.02;0.02;0.06;0.12;0.6;0.3;100100;8000;6.3713;3.0958;20020;4000;0.2;0.5;0.77;0.95;0.8;0.68;0.99
#70,79;0.09;0.005435;0.001422;0.019756;0.09314;0.091355;0.02;0.02;0.04;0.08;0.65;0.325;79200;6000;3.5496;2.46318;23760;3000;0.3;0.5;0.88;0.99;0.9;0.75;0.99
#80+;0.07;0.007163;0.004749;0.082433;0.08809;0.084233;0.02;0.02;0.02;0.04;0.7;0.35;66500;6000;2.3345;1.6152;26600;3000;0.4;0.5;0.95;0.99;0.95;0.8;0.99